pair	p1	p2	len1	len2	total_tokens	msa_done	inf_done	iptm	ptm	ranking_score	fraction_disordered	has_clash	iface_n_contacts	iface_min_dist	num_recycles	chain_iptm_0	chain_iptm_1	iface_n_chains
6k2__6k2	6K2	6K2	52	52	104	True	True	0.44	0.52	0.95	1.0	0.0	59	4.556676310645731		0.44	0.44	2
nia_pro__nib	NIa-Pro	NIb	234	502	736	True	True	0.88	0.9	0.9	0.03	0.0	134	4.53076660180151		0.88	0.88	2
6k1__6k1	6K1	6K1	52	52	104	True	True	0.36	0.48	0.86	0.96	0.0	7	6.559057020639476		0.36	0.36	2
6k1__6k2	6K1	6K2	52	52	104	True	True	0.41	0.52	0.85	0.84	0.0	37	4.686659684679484		0.41	0.41	2
6k1__nia_pro	6K1	NIa-Pro	52	234	286	True	True	0.68	0.72	0.82	0.26	0.0	61	4.2400081367846445		0.68	0.68	2
ham1__ham1	Ham1	Ham1	226	226	452	True	True	0.75	0.78	0.79	0.07	0.0	37	4.113365775128684		0.75	0.75	2
p1__p1	P1	P1	362	362	724	True	True	0.72	0.77	0.75	0.05	0.0	46	4.453893353011497		0.72	0.72	2
6k1__pipo	6K1	PIPO	52	79	131	True	True	0.21	0.34	0.72	0.96	0.0	29	5.157818143362558		0.21	0.21	2
6k2__pipo	6K2	PIPO	52	79	131	True	True	0.18	0.36	0.71	0.98	0.0	12	6.251355453019767		0.18	0.18	2
ham1__nia_pro	Ham1	NIa-Pro	226	234	460	True	True	0.69	0.54	0.69	0.07	0.0	78	4.099310917703121		0.69	0.69	2
pipo__pipo	PIPO	PIPO	79	79	158	True	True	0.26	0.36	0.69	0.82	0.0	70	4.470734279735265		0.26	0.26	2
nib__nia_vpg	NIb	NiA-VPg	502	186	688	True	True	0.61	0.66	0.66	0.08	0.0	33	4.836521373880199		0.61	0.61	2
nib__nib	NIb	NIb	502	502	1004	True	True	0.61	0.73	0.65	0.03	0.0	96	3.425005693425926		0.61	0.61	2
ci__p1	CI	P1	630	362	992	True	True	0.59	0.65	0.62	0.03	0.0	74	4.444990101226323		0.59	0.59	2
ham1__p3	Ham1	P3	226	294	520	True	True	0.52	0.56	0.61	0.17	0.0	40	4.645198596400375		0.52	0.52	2
nia_pro__nia_vpg	NIa-Pro	NiA-VPg	234	186	420	True	True	0.5	0.52	0.55	0.1	0.0	64	4.304125462855376		0.5	0.5	2
ham1__polyprotein	Ham1	polyprotein	226	2916	3142	True	True	0.55	0.36	0.54	0.06	0.0	54	3.946912464192738		0.55	0.55	2
cp__ham1	CP	Ham1	378	226	604	True	True	0.39	0.38	0.53	0.29	0.0	38	5.168801118247828		0.39	0.39	2
nia_pro__pipo	NIa-Pro	PIPO	234	79	313	True	True	0.31	0.66	0.53	0.3	0.0	129	3.9914010071652783		0.31	0.31	2
6k2__nib	6K2	NIb	52	502	554	True	True	0.37	0.8	0.51	0.1	0.0	13	5.398076231399478		0.37	0.37	2
ham1__nib	Ham1	NIb	226	502	728	True	True	0.44	0.66	0.51	0.05	0.0	65	4.044403664324322		0.44	0.44	2
cp__pipo	CP	PIPO	378	79	457	True	True	0.34	0.41	0.5	0.3	0.0	124	4.475902143702428		0.34	0.34	2
cp__nia_vpg	CP	NiA-VPg	378	186	564	True	True	0.34	0.4	0.49	0.29	0.0	32	5.540670898005042		0.34	0.34	2
p3__p3	P3	P3	294	294	588	True	True	0.32	0.3	0.46	0.29	0.0	96	5.193013287100275		0.32	0.32	2
nia_vpg__nia_vpg	NiA-VPg	NiA-VPg	186	186	372	True	True	0.28	0.41	0.45	0.28	0.0	107	3.683150010520886		0.28	0.28	2
nia_pro__p1	NIa-Pro	P1	234	362	596	True	True	0.38	0.68	0.45	0.02	0.0	86	4.5140407618895075		0.38	0.38	2
p1__pipo	P1	PIPO	362	79	441	True	True	0.29	0.72	0.44	0.13	0.0	28	4.118257034231835		0.29	0.29	2
cp__p3	CP	P3	378	294	672	True	True	0.25	0.35	0.43	0.33	0.0	40	4.771028505469235		0.25	0.25	2
6k2__nia_pro	6K2	NIa-Pro	52	234	286	True	True	0.2	0.7	0.42	0.23	0.0	67	4.271083352031426		0.2	0.2	2
6k1__polyprotein	6K1	polyprotein	52	2916	2968	True	True	0.39	0.39	0.41	0.03	0.0	94	4.351483080514044		0.39	0.39	2
6k2__ham1	6K2	Ham1	52	226	278	True	True	0.19	0.68	0.41	0.25	0.0	15	6.671127341012163		0.19	0.19	2
cp__cp	CP	CP	378	378	756	True	True	0.18	0.33	0.4	0.38	0.0	115	4.592772365358421		0.18	0.18	2
nia_pro__p3	NIa-Pro	P3	234	294	528	True	True	0.27	0.42	0.4	0.2	0.0	109	4.2592029770838575		0.27	0.27	2
6k1__p3	6K1	P3	52	294	346	True	True	0.12	0.38	0.39	0.43	0.0	0	9.747143991959902		0.12	0.12	2
6k2__cp	6K2	CP	52	378	430	True	True	0.09	0.4	0.38	0.47	0.0	40	3.88969176156672		0.09	0.09	2
ci__nia_pro	CI	NIa-Pro	630	234	864	True	True	0.31	0.54	0.38	0.04	0.0	88	3.8728245506348458		0.31	0.31	2
ham1__pipo	Ham1	PIPO	226	79	305	True	True	0.13	0.6	0.38	0.3	0.0	23	5.028114159404102		0.13	0.13	2
nib__polyprotein	NIb	polyprotein	502	2916	3418	True	True	0.35	0.36	0.38	0.06	0.0	171	4.030158061416451		0.35	0.35	2
6k2__polyprotein	6K2	polyprotein	52	2916	2968	True	True	0.32	0.37	0.37	0.07	0.0	57	5.069939841852171		0.32	0.32	2
ci__pipo	CI	PIPO	630	79	709	True	True	0.23	0.64	0.37	0.12	0.0	147	3.615064729710935		0.23	0.23	2
nib__pipo	NIb	PIPO	502	79	581	True	True	0.25	0.77	0.37	0.04	0.0	43	5.703807500258051		0.25	0.25	2
6k2__p1	6K2	P1	52	362	414	True	True	0.2	0.76	0.36	0.11	0.0	12	6.157048156381432		0.2	0.2	2
cp__polyprotein	CP	polyprotein	378	2916	3294	True	True	0.31	0.36	0.36	0.08	0.0	384	3.5053537624610716		0.31	0.31	2
cp__p1	CP	P1	378	362	740	True	True	0.2	0.51	0.36	0.2	0.0	58	4.448458834248107		0.2	0.2	2
6k1__cp	6K1	CP	52	378	430	True	True	0.07	0.38	0.36	0.46	0.0	21	4.319204672158984		0.07	0.07	2
p3__pipo	P3	PIPO	294	79	373	True	True	0.19	0.47	0.36	0.22	0.0	53	4.88421651854215		0.19	0.19	2
pipo__polyprotein	PIPO	polyprotein	79	2916	2995	True	True	0.33	0.37	0.36	0.05	0.0	106	4.27328047289199		0.33	0.33	2
6k1__nib	6K1	NIb	52	502	554	True	True	0.21	0.76	0.35	0.06	0.0	40	4.7441628344735385		0.21	0.21	2
nia_vpg__p1	NiA-VPg	P1	186	362	548	True	True	0.26	0.68	0.35	0.02	0.0	48	5.378182406724411		0.26	0.26	2
cp__nib	CP	NIb	378	502	880	True	True	0.2	0.57	0.35	0.16	0.0	186	4.3711062672966445		0.2	0.2	2
6k1__ham1	6K1	Ham1	52	226	278	True	True	0.15	0.63	0.35	0.23	0.0	22	5.436429894701118		0.15	0.15	2
nib__p3	NIb	P3	502	294	796	True	True	0.19	0.59	0.34	0.13	0.0	38	4.3157964502511		0.19	0.19	2
polyprotein__polyprotein	polyprotein	polyprotein	2916	2916	5832	True	True	0.32	0.37	0.33	0.0	0.0	329	3.7506626081267247		0.32	0.32	2
nia_vpg__pipo	NiA-VPg	PIPO	186	79	265	True	True	0.06	0.3	0.32	0.42	0.0	27	5.555912976280317		0.06	0.06	2
ci__nib	CI	NIb	630	502	1132	True	True	0.27	0.45	0.32	0.03	0.0	27	5.155477184509693		0.27	0.27	2
6k2__p3	6K2	P3	52	294	346	True	True	0.09	0.37	0.32	0.34	0.0	2	6.807540892275271		0.09	0.09	2
cp__nia_pro	CP	NIa-Pro	378	234	612	True	True	0.16	0.37	0.32	0.23	0.0	70	4.321097661474454		0.16	0.16	2
6k2__ci	6K2	CI	52	630	682	True	True	0.17	0.66	0.31	0.09	0.0	3	6.98208013417205		0.17	0.17	2
nia_vpg__polyprotein	NiA-VPg	polyprotein	186	2916	3102	True	True	0.28	0.38	0.31	0.03	0.0	130	4.33092253451848		0.28	0.28	2
ci__cp	CI	CP	630	378	1008	True	True	0.17	0.5	0.31	0.16	0.0	62	4.584971319430472		0.17	0.17	2
6k1__p1	6K1	P1	52	362	414	True	True	0.13	0.73	0.31	0.13	0.0	10	5.147711433248759		0.13	0.13	2
p1__polyprotein	P1	polyprotein	362	2916	3278	True	True	0.26	0.36	0.31	0.06	0.0	279	4.424689819637078		0.26	0.26	2
nia_vpg__p3	NiA-VPg	P3	186	294	480	True	True	0.15	0.32	0.31	0.26	0.0	19	4.943768805273968		0.15	0.15	2
6k1__ci	6K1	CI	52	630	682	True	True	0.15	0.64	0.3	0.1	0.0	48	4.5376434412589095		0.15	0.15	2
p1__p3	P1	P3	362	294	656	True	True	0.13	0.47	0.3	0.21	0.0	32	5.210018426071064		0.13	0.13	2
ci__polyprotein	CI	polyprotein	630	2916	3546	True	True	0.24	0.35	0.29	0.05	0.0	144	3.723967105117874		0.24	0.24	2
ham1__nia_vpg	Ham1	NiA-VPg	226	186	412	True	True	0.17	0.48	0.29	0.12	0.0	66	4.388403582169717		0.17	0.17	2
p3__polyprotein	P3	polyprotein	294	2916	3210	True	True	0.25	0.36	0.28	0.02	0.0	171	4.727751050975505		0.25	0.25	2
ci__ham1	CI	Ham1	630	226	856	True	True	0.2	0.56	0.28	0.03	0.0	64	4.006911154492946		0.2	0.2	2
ci__p3	CI	P3	630	294	924	True	True	0.15	0.52	0.27	0.1	0.0	16	4.841117432990033		0.15	0.15	2
6k2__nia_vpg	6K2	NiA-VPg	52	186	238	True	True	0.06	0.3	0.26	0.29	0.0	34	5.233565992705164		0.06	0.06	2
nia_pro__nia_pro	NIa-Pro	NIa-Pro	234	234	468	True	True	0.16	0.47	0.26	0.07	0.0	111	3.929715893038581		0.16	0.16	2
ci__nia_vpg	CI	NiA-VPg	630	186	816	True	True	0.13	0.6	0.25	0.05	0.0	110	3.1010738462668046		0.13	0.13	2
6k1__nia_vpg	6K1	NiA-VPg	52	186	238	True	True	0.07	0.31	0.25	0.27	0.0	22	5.660305822126576		0.07	0.07	2
nib__p1	NIb	P1	502	362	864	True	True	0.18	0.51	0.24	0.0	0.0	13	5.656957574527142		0.18	0.18	2
ham1__p1	Ham1	P1	226	362	588	True	True	0.14	0.36	0.24	0.1	0.0	64	4.03911314523374		0.14	0.14	2
ci__ci	CI	CI	630	630	1260	True	True	0.17	0.44	0.22	0.0	0.0	77	4.794066853935185		0.17	0.17	2
nia_pro__polyprotein	NIa-Pro	polyprotein	234	2916	3150	True	True	0.52	0.36	-99.49	0.05	1.0	2390	0.4882888489408727		0.52	0.52	2
